select now();
             now              
------------------------------
 2013-05-10 18:05:19.59079+09
(1 row)

select now();
              now              
-------------------------------
 2013-05-10 18:05:20.694051+09
(1 row)

select now();
              now              
-------------------------------
 2013-05-10 18:05:21.828578+09
(1 row)

select now();
              now              
-------------------------------
 2013-05-10 18:05:22.958292+09
(1 row)

select now();
              now              
-------------------------------
 2013-05-10 18:05:24.077705+09
(1 row)

select now();
              now              
-------------------------------
 2013-05-10 18:05:25.208284+09
(1 row)

select now();
              now              
-------------------------------
 2013-05-10 18:05:26.330673+09
(1 row)

select now();
             now              
------------------------------
 2013-05-10 18:05:27.46624+09
(1 row)

select now();
              now              
-------------------------------
 2013-05-10 18:05:28.620418+09
(1 row)

select now();
              now              
-------------------------------
 2013-05-10 18:05:29.744129+09
(1 row)

select now();
              now              
-------------------------------
 2013-05-10 18:05:30.873314+09
(1 row)

select now();
              now              
-------------------------------
 2013-05-10 18:05:31.996137+09
(1 row)

select now();
             now              
------------------------------
 2013-05-10 18:05:33.12331+09
(1 row)

select now();
             now             
-----------------------------
 2013-05-10 18:05:34.2481+09
(1 row)

select now();
              now              
-------------------------------
 2013-05-10 18:05:35.377575+09
(1 row)

select now();
             now              
------------------------------
 2013-05-10 18:05:36.50976+09
(1 row)

select now();
              now              
-------------------------------
 2013-05-10 18:05:37.637268+09
(1 row)

select now();
              now              
-------------------------------
 2013-05-10 18:05:38.770471+09
(1 row)

select now();
              now              
-------------------------------
 2013-05-10 18:05:39.941905+09
(1 row)

select now();
              now              
-------------------------------
 2013-05-10 18:05:41.176323+09
(1 row)

select now();
              now              
-------------------------------
 2013-05-10 18:05:42.368786+09
(1 row)

select now();
              now              
-------------------------------
 2013-05-10 18:05:43.569684+09
(1 row)

select now();
             now              
------------------------------
 2013-05-10 18:05:44.74563+09
(1 row)

select now();
              now              
-------------------------------
 2013-05-10 18:05:45.897622+09
(1 row)

select now();
              now              
-------------------------------
 2013-05-10 18:05:47.063034+09
(1 row)

select now();
              now              
-------------------------------
 2013-05-10 18:05:48.218247+09
(1 row)

select now();
              now              
-------------------------------
 2013-05-10 18:05:49.344964+09
(1 row)

select now();
              now              
-------------------------------
 2013-05-10 18:05:50.479639+09
(1 row)

select now();
              now              
-------------------------------
 2013-05-10 18:05:51.615173+09
(1 row)

select now();
              now              
-------------------------------
 2013-05-10 18:05:52.788854+09
(1 row)

select now();
              now              
-------------------------------
 2013-05-10 18:05:53.899063+09
(1 row)

select now();
              now              
-------------------------------
 2013-05-10 18:05:55.023279+09
(1 row)

select now();
              now              
-------------------------------
 2013-05-10 18:05:56.145518+09
(1 row)

select now();
              now              
-------------------------------
 2013-05-10 18:05:57.281819+09
(1 row)

select now();
              now              
-------------------------------
 2013-05-10 18:05:58.379244+09
(1 row)

select now();
              now              
-------------------------------
 2013-05-10 18:05:59.501262+09
(1 row)

select now();
              now              
-------------------------------
 2013-05-10 18:06:00.627491+09
(1 row)

select now();
              now              
-------------------------------
 2013-05-10 18:06:01.755467+09
(1 row)

select now();
              now              
-------------------------------
 2013-05-10 18:06:02.923421+09
(1 row)

select now();
              now              
-------------------------------
 2013-05-10 18:06:04.112318+09
(1 row)

select now();
              now              
-------------------------------
 2013-05-10 18:06:05.274816+09
(1 row)

select now();
             now             
-----------------------------
 2013-05-10 18:06:06.4535+09
(1 row)

select now();
              now              
-------------------------------
 2013-05-10 18:06:07.603257+09
(1 row)

select now();
              now              
-------------------------------
 2013-05-10 18:06:08.813398+09
(1 row)

select now();
              now              
-------------------------------
 2013-05-10 18:06:10.013555+09
(1 row)

select now();
              now              
-------------------------------
 2013-05-10 18:06:11.183536+09
(1 row)

select now();
              now              
-------------------------------
 2013-05-10 18:06:12.344487+09
(1 row)

select now();
              now              
-------------------------------
 2013-05-10 18:06:13.527667+09
(1 row)

select now();
              now              
-------------------------------
 2013-05-10 18:06:14.662896+09
(1 row)

select now();
              now              
-------------------------------
 2013-05-10 18:06:15.832831+09
(1 row)

select now();
              now              
-------------------------------
 2013-05-10 18:06:17.045305+09
(1 row)

select now();
              now              
-------------------------------
 2013-05-10 18:06:18.254711+09
(1 row)

select now();
              now              
-------------------------------
 2013-05-10 18:06:19.444871+09
(1 row)

select now();
              now              
-------------------------------
 2013-05-10 18:06:20.665512+09
(1 row)

select now();
              now              
-------------------------------
 2013-05-10 18:06:21.862453+09
(1 row)

select now();
              now              
-------------------------------
 2013-05-10 18:06:23.022703+09
(1 row)

select now();
              now              
-------------------------------
 2013-05-10 18:06:24.220591+09
(1 row)

select now();
              now              
-------------------------------
 2013-05-10 18:06:25.404309+09
(1 row)

select now();
              now              
-------------------------------
 2013-05-10 18:06:26.605166+09
(1 row)

select now();
             now              
------------------------------
 2013-05-10 18:06:27.83038+09
(1 row)

select now();
             now              
------------------------------
 2013-05-10 18:06:29.05881+09
(1 row)

select now();
              now              
-------------------------------
 2013-05-10 18:06:30.268188+09
(1 row)

select now();
              now              
-------------------------------
 2013-05-10 18:06:31.481425+09
(1 row)

select now();
              now              
-------------------------------
 2013-05-10 18:06:32.712282+09
(1 row)

select now();
             now              
------------------------------
 2013-05-10 18:06:33.95018+09
(1 row)

select now();
              now              
-------------------------------
 2013-05-10 18:06:35.159103+09
(1 row)

select now();
              now              
-------------------------------
 2013-05-10 18:06:36.324014+09
(1 row)

select now();
              now              
-------------------------------
 2013-05-10 18:06:37.509245+09
(1 row)

select now();
              now              
-------------------------------
 2013-05-10 18:06:38.698633+09
(1 row)

select now();
              now              
-------------------------------
 2013-05-10 18:06:39.920811+09
(1 row)

select now();
              now              
-------------------------------
 2013-05-10 18:06:41.144015+09
(1 row)

select now();
              now              
-------------------------------
 2013-05-10 18:06:42.317978+09
(1 row)

select now();
             now              
------------------------------
 2013-05-10 18:06:43.54162+09
(1 row)

select now();
              now              
-------------------------------
 2013-05-10 18:06:44.708336+09
(1 row)

select now();
              now              
-------------------------------
 2013-05-10 18:06:45.842343+09
(1 row)

select now();
              now              
-------------------------------
 2013-05-10 18:06:46.949759+09
(1 row)

select now();
              now              
-------------------------------
 2013-05-10 18:06:48.063064+09
(1 row)

select now();
              now              
-------------------------------
 2013-05-10 18:06:49.193286+09
(1 row)

select now();
              now              
-------------------------------
 2013-05-10 18:06:50.345471+09
(1 row)

select now();
              now              
-------------------------------
 2013-05-10 18:06:51.464977+09
(1 row)

select now();
              now              
-------------------------------
 2013-05-10 18:06:52.591627+09
(1 row)

select now();
              now              
-------------------------------
 2013-05-10 18:06:53.716193+09
(1 row)

select now();
              now              
-------------------------------
 2013-05-10 18:06:54.848429+09
(1 row)

select now();
              now              
-------------------------------
 2013-05-10 18:06:56.017598+09
(1 row)

select now();
             now              
------------------------------
 2013-05-10 18:06:57.12158+09
(1 row)

select now();
              now              
-------------------------------
 2013-05-10 18:06:58.238764+09
(1 row)

select now();
              now              
-------------------------------
 2013-05-10 18:06:59.352308+09
(1 row)

select now();
              now              
-------------------------------
 2013-05-10 18:07:00.490996+09
(1 row)

select now();
              now              
-------------------------------
 2013-05-10 18:07:01.638004+09
(1 row)

select now();
              now              
-------------------------------
 2013-05-10 18:07:02.768713+09
(1 row)

select now();
              now              
-------------------------------
 2013-05-10 18:07:03.880704+09
(1 row)

select now();
              now              
-------------------------------
 2013-05-10 18:07:05.011622+09
(1 row)

select now();
              now              
-------------------------------
 2013-05-10 18:07:06.140908+09
(1 row)

select now();
             now              
------------------------------
 2013-05-10 18:07:07.26842+09
(1 row)

select now();
              now              
-------------------------------
 2013-05-10 18:07:08.398812+09
(1 row)

select now();
              now              
-------------------------------
 2013-05-10 18:07:09.528831+09
(1 row)

select now();
              now              
-------------------------------
 2013-05-10 18:07:10.653103+09
(1 row)

select now();
              now              
-------------------------------
 2013-05-10 18:07:11.771755+09
(1 row)

select now();
              now              
-------------------------------
 2013-05-10 18:07:12.887283+09
(1 row)

select now();
              now              
-------------------------------
 2013-05-10 18:07:14.011523+09
(1 row)

select now();
              now              
-------------------------------
 2013-05-10 18:07:15.131002+09
(1 row)

select now();
              now              
-------------------------------
 2013-05-10 18:07:16.262993+09
(1 row)

select now();
              now              
-------------------------------
 2013-05-10 18:07:17.399963+09
(1 row)

select now();
              now              
-------------------------------
 2013-05-10 18:07:18.532414+09
(1 row)

select now();
              now              
-------------------------------
 2013-05-10 18:07:19.643404+09
(1 row)

select now();
              now              
-------------------------------
 2013-05-10 18:07:20.764133+09
(1 row)

select now();
              now              
-------------------------------
 2013-05-10 18:07:21.879574+09
(1 row)

select now();
              now              
-------------------------------
 2013-05-10 18:07:23.007302+09
(1 row)

select now();
              now              
-------------------------------
 2013-05-10 18:07:24.132804+09
(1 row)

select now();
              now              
-------------------------------
 2013-05-10 18:07:25.267002+09
(1 row)

select now();
              now              
-------------------------------
 2013-05-10 18:07:26.384029+09
(1 row)

select now();
              now              
-------------------------------
 2013-05-10 18:07:27.509029+09
(1 row)

select now();
              now              
-------------------------------
 2013-05-10 18:07:28.636492+09
(1 row)

select now();
              now              
-------------------------------
 2013-05-10 18:07:29.769961+09
(1 row)

select now();
              now              
-------------------------------
 2013-05-10 18:07:30.885661+09
(1 row)

select now();
              now              
-------------------------------
 2013-05-10 18:07:32.012957+09
(1 row)

select now();
              now              
-------------------------------
 2013-05-10 18:07:33.132909+09
(1 row)

select now();
              now              
-------------------------------
 2013-05-10 18:07:34.260599+09
(1 row)

select now();
              now              
-------------------------------
 2013-05-10 18:07:35.376629+09
(1 row)

select now();
              now              
-------------------------------
 2013-05-10 18:07:36.509162+09
(1 row)

select now();
              now              
-------------------------------
 2013-05-10 18:07:37.629082+09
(1 row)

select now();
              now              
-------------------------------
 2013-05-10 18:07:38.748785+09
(1 row)

select now();
              now              
-------------------------------
 2013-05-10 18:07:39.884298+09
(1 row)

select now();
              now              
-------------------------------
 2013-05-10 18:07:41.013727+09
(1 row)

select now();
            now             
----------------------------
 2013-05-10 18:07:42.147+09
(1 row)

select now();
              now              
-------------------------------
 2013-05-10 18:07:43.271494+09
(1 row)

select now();
             now             
-----------------------------
 2013-05-10 18:07:44.3975+09
(1 row)

select now();
              now              
-------------------------------
 2013-05-10 18:07:45.513421+09
(1 row)

select now();
              now              
-------------------------------
 2013-05-10 18:07:46.639437+09
(1 row)

select now();
              now              
-------------------------------
 2013-05-10 18:07:47.749926+09
(1 row)

select now();
             now              
------------------------------
 2013-05-10 18:07:48.87591+09
(1 row)

select now();
              now              
-------------------------------
 2013-05-10 18:07:49.989376+09
(1 row)

select now();
              now              
-------------------------------
 2013-05-10 18:07:51.124077+09
(1 row)

select now();
              now              
-------------------------------
 2013-05-10 18:07:52.256792+09
(1 row)

select now();
              now              
-------------------------------
 2013-05-10 18:07:53.389365+09
(1 row)

select now();
              now              
-------------------------------
 2013-05-10 18:07:54.531577+09
(1 row)

select now();
              now              
-------------------------------
 2013-05-10 18:07:55.655265+09
(1 row)

select now();
              now              
-------------------------------
 2013-05-10 18:07:56.783723+09
(1 row)

select now();
              now              
-------------------------------
 2013-05-10 18:07:57.899669+09
(1 row)

select now();
              now              
-------------------------------
 2013-05-10 18:07:59.030409+09
(1 row)

select now();
              now              
-------------------------------
 2013-05-10 18:08:00.140178+09
(1 row)

select now();
              now              
-------------------------------
 2013-05-10 18:08:01.260616+09
(1 row)

select now();
              now              
-------------------------------
 2013-05-10 18:08:02.377101+09
(1 row)

select now();
              now              
-------------------------------
 2013-05-10 18:08:03.496429+09
(1 row)

select now();
              now              
-------------------------------
 2013-05-10 18:08:04.619361+09
(1 row)

select now();
              now              
-------------------------------
 2013-05-10 18:08:05.733862+09
(1 row)

select now();
              now              
-------------------------------
 2013-05-10 18:08:06.858831+09
(1 row)

select now();
              now              
-------------------------------
 2013-05-10 18:08:07.980338+09
(1 row)

select now();
              now              
-------------------------------
 2013-05-10 18:08:09.103996+09
(1 row)

select now();
              now              
-------------------------------
 2013-05-10 18:08:10.232032+09
(1 row)

select now();
              now              
-------------------------------
 2013-05-10 18:08:11.366513+09
(1 row)

select now();
              now              
-------------------------------
 2013-05-10 18:08:31.678548+09
(1 row)

select now();
              now              
-------------------------------
 2013-05-10 18:08:32.812278+09
(1 row)

select now();
              now              
-------------------------------
 2013-05-10 18:08:33.938748+09
(1 row)

select now();
              now              
-------------------------------
 2013-05-10 18:08:35.067221+09
(1 row)

select now();
              now              
-------------------------------
 2013-05-10 18:08:36.198514+09
(1 row)

select now();
              now              
-------------------------------
 2013-05-10 18:08:37.320996+09
(1 row)

select now();
              now              
-------------------------------
 2013-05-10 18:08:38.448204+09
(1 row)

select now();
              now              
-------------------------------
 2013-05-10 18:08:39.567193+09
(1 row)

select now();
              now              
-------------------------------
 2013-05-10 18:08:40.690703+09
(1 row)

select now();
              now              
-------------------------------
 2013-05-10 18:08:41.817193+09
(1 row)

select now();
              now              
-------------------------------
 2013-05-10 18:08:42.930133+09
(1 row)

select now();
              now              
-------------------------------
 2013-05-10 18:08:44.060119+09
(1 row)

select now();
              now              
-------------------------------
 2013-05-10 18:08:45.182556+09
(1 row)

select now();
              now              
-------------------------------
 2013-05-10 18:08:46.310338+09
(1 row)

select now();
              now              
-------------------------------
 2013-05-10 18:08:47.446538+09
(1 row)

select now();
              now              
-------------------------------
 2013-05-10 18:08:48.564986+09
(1 row)

select now();
              now              
-------------------------------
 2013-05-10 18:08:49.697461+09
(1 row)

select now();
              now              
-------------------------------
 2013-05-10 18:08:50.817999+09
(1 row)

select now();
              now              
-------------------------------
 2013-05-10 18:08:51.937481+09
(1 row)

select now();
              now              
-------------------------------
 2013-05-10 18:08:53.060215+09
(1 row)

select now();
              now              
-------------------------------
 2013-05-10 18:08:54.184441+09
(1 row)

select now();
              now              
-------------------------------
 2013-05-10 18:08:55.302623+09
(1 row)

select now();
              now              
-------------------------------
 2013-05-10 18:08:56.427197+09
(1 row)

select now();
              now              
-------------------------------
 2013-05-10 18:08:57.546385+09
(1 row)

select now();
              now              
-------------------------------
 2013-05-10 18:08:58.670571+09
(1 row)

select now();
              now              
-------------------------------
 2013-05-10 18:08:59.794624+09
(1 row)

select now();
              now              
-------------------------------
 2013-05-10 18:09:00.917332+09
(1 row)

select now();
              now              
-------------------------------
 2013-05-10 18:09:02.031067+09
(1 row)

select now();
              now              
-------------------------------
 2013-05-10 18:09:03.418883+09
(1 row)

select now();
              now              
-------------------------------
 2013-05-10 18:09:04.580559+09
(1 row)

psql: could not connect to server: Connection timed out
	Is the server running on host "10.35.106.181" and accepting
	TCP/IP connections on port 5432?
psql: could not connect to server: Connection timed out
	Is the server running on host "10.35.106.181" and accepting
	TCP/IP connections on port 5432?
psql: could not connect to server: Connection timed out
	Is the server running on host "10.35.106.181" and accepting
	TCP/IP connections on port 5432?
psql: could not connect to server: Connection timed out
	Is the server running on host "10.35.106.181" and accepting
	TCP/IP connections on port 5432?
psql: could not connect to server: Connection timed out
	Is the server running on host "10.35.106.181" and accepting
	TCP/IP connections on port 5432?
psql: could not connect to server: Connection timed out
	Is the server running on host "10.35.106.181" and accepting
	TCP/IP connections on port 5432?
psql: could not connect to server: Connection timed out
	Is the server running on host "10.35.106.181" and accepting
	TCP/IP connections on port 5432?
psql: could not connect to server: Connection timed out
	Is the server running on host "10.35.106.181" and accepting
	TCP/IP connections on port 5432?
select now();
              now              
-------------------------------
 2013-05-10 18:12:08.153501+09
(1 row)

select now();
              now              
-------------------------------
 2013-05-10 18:12:09.301222+09
(1 row)

select now();
              now              
-------------------------------
 2013-05-10 18:12:10.430153+09
(1 row)

select now();
              now              
-------------------------------
 2013-05-10 18:12:11.549645+09
(1 row)

select now();
              now              
-------------------------------
 2013-05-10 18:12:12.670425+09
(1 row)

select now();
              now              
-------------------------------
 2013-05-10 18:12:13.792162+09
(1 row)

select now();
              now              
-------------------------------
 2013-05-10 18:12:14.924145+09
(1 row)

select now();
              now              
-------------------------------
 2013-05-10 18:12:16.047128+09
(1 row)

select now();
              now              
-------------------------------
 2013-05-10 18:12:17.168863+09
(1 row)

select now();
              now              
-------------------------------
 2013-05-10 18:12:18.294351+09
(1 row)

select now();
              now              
-------------------------------
 2013-05-10 18:12:19.418328+09
(1 row)

select now();
              now              
-------------------------------
 2013-05-10 18:12:20.550562+09
(1 row)

select now();
              now              
-------------------------------
 2013-05-10 18:12:21.686748+09
(1 row)

select now();
              now              
-------------------------------
 2013-05-10 18:12:22.808483+09
(1 row)

select now();
              now              
-------------------------------
 2013-05-10 18:12:23.932981+09
(1 row)

select now();
              now              
-------------------------------
 2013-05-10 18:12:25.048707+09
(1 row)

select now();
              now              
-------------------------------
 2013-05-10 18:12:26.176686+09
(1 row)

select now();
              now              
-------------------------------
 2013-05-10 18:12:27.298465+09
(1 row)

select now();
             now              
------------------------------
 2013-05-10 18:12:28.42666+09
(1 row)

select now();
             now              
------------------------------
 2013-05-10 18:12:29.54764+09
(1 row)

select now();
              now              
-------------------------------
 2013-05-10 18:12:30.667379+09
(1 row)

select now();
              now              
-------------------------------
 2013-05-10 18:12:31.801152+09
(1 row)

select now();
             now              
------------------------------
 2013-05-10 18:12:32.93938+09
(1 row)

select now();
              now              
-------------------------------
 2013-05-10 18:12:34.069353+09
(1 row)

select now();
              now              
-------------------------------
 2013-05-10 18:12:35.173563+09
(1 row)

select now();
              now              
-------------------------------
 2013-05-10 18:12:36.294092+09
(1 row)

select now();
              now              
-------------------------------
 2013-05-10 18:12:37.406038+09
(1 row)

select now();
              now              
-------------------------------
 2013-05-10 18:12:38.534322+09
(1 row)

select now();
              now              
-------------------------------
 2013-05-10 18:12:39.652306+09
(1 row)

select now();
             now              
------------------------------
 2013-05-10 18:12:40.76805+09
(1 row)

select now();
              now              
-------------------------------
 2013-05-10 18:12:41.895036+09
(1 row)

select now();
              now              
-------------------------------
 2013-05-10 18:12:43.003738+09
(1 row)

select now();
              now              
-------------------------------
 2013-05-10 18:12:44.125016+09
(1 row)

select now();
              now              
-------------------------------
 2013-05-10 18:12:45.241005+09
(1 row)

select now();
              now              
-------------------------------
 2013-05-10 18:12:46.365485+09
(1 row)

select now();
              now              
-------------------------------
 2013-05-10 18:12:47.485925+09
(1 row)

select now();
              now              
-------------------------------
 2013-05-10 18:12:48.613206+09
(1 row)

select now();
              now              
-------------------------------
 2013-05-10 18:12:49.735195+09
(1 row)

select now();
              now              
-------------------------------
 2013-05-10 18:12:50.855934+09
(1 row)

select now();
             now              
------------------------------
 2013-05-10 18:12:51.99441+09
(1 row)

select now();
              now              
-------------------------------
 2013-05-10 18:12:53.108349+09
(1 row)

select now();
              now              
-------------------------------
 2013-05-10 18:12:54.230585+09
(1 row)

select now();
              now              
-------------------------------
 2013-05-10 18:12:55.348076+09
(1 row)

select now();
              now              
-------------------------------
 2013-05-10 18:12:56.475086+09
(1 row)

select now();
              now              
-------------------------------
 2013-05-10 18:12:57.591553+09
(1 row)

select now();
              now              
-------------------------------
 2013-05-10 18:12:58.693849+09
(1 row)

select now();
              now              
-------------------------------
 2013-05-10 18:12:59.832571+09
(1 row)

select now();
              now              
-------------------------------
 2013-05-10 18:13:00.952246+09
(1 row)

select now();
              now              
-------------------------------
 2013-05-10 18:13:02.080287+09
(1 row)

select now();
              now              
-------------------------------
 2013-05-10 18:13:03.202003+09
(1 row)

select now();
             now              
------------------------------
 2013-05-10 18:13:04.30128+09
(1 row)

select now();
              now              
-------------------------------
 2013-05-10 18:13:05.434463+09
(1 row)

select now();
              now              
-------------------------------
 2013-05-10 18:13:06.558172+09
(1 row)

select now();
              now              
-------------------------------
 2013-05-10 18:13:07.670269+09
(1 row)

select now();
              now              
-------------------------------
 2013-05-10 18:13:08.777983+09
(1 row)

select now();
              now              
-------------------------------
 2013-05-10 18:13:09.880755+09
(1 row)

select now();
             now              
------------------------------
 2013-05-10 18:13:10.98448+09
(1 row)

select now();
              now              
-------------------------------
 2013-05-10 18:13:12.113662+09
(1 row)

select now();
              now              
-------------------------------
 2013-05-10 18:13:13.216466+09
(1 row)

select now();
              now              
-------------------------------
 2013-05-10 18:13:14.339195+09
(1 row)

select now();
              now              
-------------------------------
 2013-05-10 18:13:15.467681+09
(1 row)

select now();
              now              
-------------------------------
 2013-05-10 18:13:16.589669+09
(1 row)

select now();
              now              
-------------------------------
 2013-05-10 18:13:17.716663+09
(1 row)

select now();
              now              
-------------------------------
 2013-05-10 18:13:18.834587+09
(1 row)

select now();
              now              
-------------------------------
 2013-05-10 18:13:19.947877+09
(1 row)

select now();
              now              
-------------------------------
 2013-05-10 18:13:21.078363+09
(1 row)

select now();
             now              
------------------------------
 2013-05-10 18:13:22.21259+09
(1 row)

select now();
             now              
------------------------------
 2013-05-10 18:13:23.33379+09
(1 row)

select now();
              now              
-------------------------------
 2013-05-10 18:13:24.460754+09
(1 row)

select now();
              now              
-------------------------------
 2013-05-10 18:13:25.565756+09
(1 row)

select now();
              now              
-------------------------------
 2013-05-10 18:13:26.688537+09
(1 row)

select now();
              now              
-------------------------------
 2013-05-10 18:13:27.802739+09
(1 row)

select now();
             now              
------------------------------
 2013-05-10 18:13:28.91952+09
(1 row)

select now();
              now              
-------------------------------
 2013-05-10 18:13:30.043504+09
(1 row)

select now();
              now              
-------------------------------
 2013-05-10 18:13:31.162991+09
(1 row)

select now();
              now              
-------------------------------
 2013-05-10 18:13:32.290471+09
(1 row)

select now();
             now              
------------------------------
 2013-05-10 18:13:33.41046+09
(1 row)

select now();
             now              
------------------------------
 2013-05-10 18:13:34.52618+09
(1 row)

select now();
              now              
-------------------------------
 2013-05-10 18:13:35.648451+09
(1 row)

select now();
             now              
------------------------------
 2013-05-10 18:13:36.78414+09
(1 row)

select now();
              now              
-------------------------------
 2013-05-10 18:13:37.910653+09
(1 row)

select now();
              now              
-------------------------------
 2013-05-10 18:13:39.027636+09
(1 row)

select now();
              now              
-------------------------------
 2013-05-10 18:13:40.151872+09
(1 row)

select now();
             now              
------------------------------
 2013-05-10 18:13:41.26457+09
(1 row)

select now();
              now              
-------------------------------
 2013-05-10 18:13:42.380856+09
(1 row)

select now();
              now              
-------------------------------
 2013-05-10 18:13:43.493046+09
(1 row)

select now();
              now              
-------------------------------
 2013-05-10 18:13:44.620293+09
(1 row)

select now();
              now              
-------------------------------
 2013-05-10 18:13:45.736023+09
(1 row)

select now();
              now              
-------------------------------
 2013-05-10 18:13:46.856506+09
(1 row)

select now();
              now              
-------------------------------
 2013-05-10 18:13:47.970048+09
(1 row)

select now();
              now              
-------------------------------
 2013-05-10 18:13:49.086989+09
(1 row)

select now();
              now              
-------------------------------
 2013-05-10 18:13:50.221517+09
(1 row)

select now();
              now              
-------------------------------
 2013-05-10 18:13:51.345501+09
(1 row)

select now();
             now              
------------------------------
 2013-05-10 18:13:52.47848+09
(1 row)

select now();
              now              
-------------------------------
 2013-05-10 18:13:53.599669+09
(1 row)

select now();
              now              
-------------------------------
 2013-05-10 18:13:54.713908+09
(1 row)

select now();
              now              
-------------------------------
 2013-05-10 18:13:55.806664+09
(1 row)

select now();
              now              
-------------------------------
 2013-05-10 18:13:56.918664+09
(1 row)

select now();
              now              
-------------------------------
 2013-05-10 18:13:58.039442+09
(1 row)

select now();
              now              
-------------------------------
 2013-05-10 18:13:59.165931+09
(1 row)

select now();
              now              
-------------------------------
 2013-05-10 18:14:00.288618+09
(1 row)

select now();
              now              
-------------------------------
 2013-05-10 18:14:01.425892+09
(1 row)

select now();
              now              
-------------------------------
 2013-05-10 18:14:02.551121+09
(1 row)

select now();
              now              
-------------------------------
 2013-05-10 18:14:03.679604+09
(1 row)

select now();
             now              
------------------------------
 2013-05-10 18:14:04.80733+09
(1 row)

select now();
              now              
-------------------------------
 2013-05-10 18:14:05.931273+09
(1 row)

